kab_kota,total_produksi,total_cabai,persen_cabai,total_jamur,kategori_produksi,tipe_wilayah,komoditas,produksi
Ogan Komering Ulu,8465,NA,NA,NA,Sedang,Kabupaten,bawang_daun,0
Ogan Komering Ulu,8465,NA,NA,NA,Sedang,Kabupaten,bawang_merah,673
Ogan Komering Ulu,8465,NA,NA,NA,Sedang,Kabupaten,bawang_putih,NA
Ogan Komering Ulu,8465,NA,NA,NA,Sedang,Kabupaten,bayam,260
Ogan Komering Ulu,8465,NA,NA,NA,Sedang,Kabupaten,buncis,NA
Ogan Komering Ulu,8465,NA,NA,NA,Sedang,Kabupaten,cabai_rawit,813
Ogan Komering Ulu,8465,NA,NA,NA,Sedang,Kabupaten,kacang_panjang,2096
Ogan Komering Ulu,8465,NA,NA,NA,Sedang,Kabupaten,kangkung,482
Ogan Komering Ulu,8465,NA,NA,NA,Sedang,Kabupaten,kembang_kol,425
Ogan Komering Ulu,8465,NA,NA,NA,Sedang,Kabupaten,kentang,NA
Ogan Komering Ulu,8465,NA,NA,NA,Sedang,Kabupaten,ketimun,191
Ogan Komering Ulu,8465,NA,NA,NA,Sedang,Kabupaten,kubis,NA
Ogan Komering Ulu,8465,NA,NA,NA,Sedang,Kabupaten,labu_siam,NA
Ogan Komering Ulu,8465,NA,NA,NA,Sedang,Kabupaten,paprika,NA
Ogan Komering Ulu,8465,NA,NA,NA,Sedang,Kabupaten,sawi,NA
Ogan Komering Ulu,8465,NA,NA,NA,Sedang,Kabupaten,terung,1885
Ogan Komering Ulu,8465,NA,NA,NA,Sedang,Kabupaten,tomat,304
Ogan Komering Ulu,8465,NA,NA,NA,Sedang,Kabupaten,wortel,NA
Ogan Komering Ulu,8465,NA,NA,NA,Sedang,Kabupaten,cabai_besar,NA
Ogan Komering Ulu,8465,NA,NA,NA,Sedang,Kabupaten,cabai_keriting,1336
Ogan Komering Ulu,8465,NA,NA,NA,Sedang,Kabupaten,jamur_tiram,NA
Ogan Komering Ulu,8465,NA,NA,NA,Sedang,Kabupaten,jamur_merang,NA
Ogan Komering Ulu,8465,NA,NA,NA,Sedang,Kabupaten,jamur_lain,NA
Ogan Komering Ilir,84856,30559,36.01,NA,Sedang,Kabupaten,bawang_daun,1905
Ogan Komering Ilir,84856,30559,36.01,NA,Sedang,Kabupaten,bawang_merah,358
Ogan Komering Ilir,84856,30559,36.01,NA,Sedang,Kabupaten,bawang_putih,NA
Ogan Komering Ilir,84856,30559,36.01,NA,Sedang,Kabupaten,bayam,1034
Ogan Komering Ilir,84856,30559,36.01,NA,Sedang,Kabupaten,buncis,1212
Ogan Komering Ilir,84856,30559,36.01,NA,Sedang,Kabupaten,cabai_rawit,12699
Ogan Komering Ilir,84856,30559,36.01,NA,Sedang,Kabupaten,kacang_panjang,4377
Ogan Komering Ilir,84856,30559,36.01,NA,Sedang,Kabupaten,kangkung,8665
Ogan Komering Ilir,84856,30559,36.01,NA,Sedang,Kabupaten,kembang_kol,549
Ogan Komering Ilir,84856,30559,36.01,NA,Sedang,Kabupaten,kentang,NA
Ogan Komering Ilir,84856,30559,36.01,NA,Sedang,Kabupaten,ketimun,15797
Ogan Komering Ilir,84856,30559,36.01,NA,Sedang,Kabupaten,kubis,NA
Ogan Komering Ilir,84856,30559,36.01,NA,Sedang,Kabupaten,labu_siam,1323
Ogan Komering Ilir,84856,30559,36.01,NA,Sedang,Kabupaten,paprika,NA
Ogan Komering Ilir,84856,30559,36.01,NA,Sedang,Kabupaten,sawi,2179
Ogan Komering Ilir,84856,30559,36.01,NA,Sedang,Kabupaten,terung,11447
Ogan Komering Ilir,84856,30559,36.01,NA,Sedang,Kabupaten,tomat,5445
Ogan Komering Ilir,84856,30559,36.01,NA,Sedang,Kabupaten,wortel,NA
Ogan Komering Ilir,84856,30559,36.01,NA,Sedang,Kabupaten,cabai_besar,5861
Ogan Komering Ilir,84856,30559,36.01,NA,Sedang,Kabupaten,cabai_keriting,11999
Ogan Komering Ilir,84856,30559,36.01,NA,Sedang,Kabupaten,jamur_tiram,6
Ogan Komering Ilir,84856,30559,36.01,NA,Sedang,Kabupaten,jamur_merang,NA
Ogan Komering Ilir,84856,30559,36.01,NA,Sedang,Kabupaten,jamur_lain,NA
Muara Enim,289500,NA,NA,NA,Tinggi,Kabupaten,bawang_daun,6908
Muara Enim,289500,NA,NA,NA,Tinggi,Kabupaten,bawang_merah,2310
Muara Enim,289500,NA,NA,NA,Tinggi,Kabupaten,bawang_putih,95
Muara Enim,289500,NA,NA,NA,Tinggi,Kabupaten,bayam,3957
Muara Enim,289500,NA,NA,NA,Tinggi,Kabupaten,buncis,10654
Muara Enim,289500,NA,NA,NA,Tinggi,Kabupaten,cabai_rawit,17485
Muara Enim,289500,NA,NA,NA,Tinggi,Kabupaten,kacang_panjang,10976
Muara Enim,289500,NA,NA,NA,Tinggi,Kabupaten,kangkung,13886
Muara Enim,289500,NA,NA,NA,Tinggi,Kabupaten,kembang_kol,5810
Muara Enim,289500,NA,NA,NA,Tinggi,Kabupaten,kentang,11561
Muara Enim,289500,NA,NA,NA,Tinggi,Kabupaten,ketimun,33877
Muara Enim,289500,NA,NA,NA,Tinggi,Kabupaten,kubis,22150
Muara Enim,289500,NA,NA,NA,Tinggi,Kabupaten,labu_siam,14510
Muara Enim,289500,NA,NA,NA,Tinggi,Kabupaten,paprika,NA
Muara Enim,289500,NA,NA,NA,Tinggi,Kabupaten,sawi,6728
Muara Enim,289500,NA,NA,NA,Tinggi,Kabupaten,terung,42152
Muara Enim,289500,NA,NA,NA,Tinggi,Kabupaten,tomat,44854
Muara Enim,289500,NA,NA,NA,Tinggi,Kabupaten,wortel,NA
Muara Enim,289500,NA,NA,NA,Tinggi,Kabupaten,cabai_besar,NA
Muara Enim,289500,NA,NA,NA,Tinggi,Kabupaten,cabai_keriting,41570
Muara Enim,289500,NA,NA,NA,Tinggi,Kabupaten,jamur_tiram,17
Muara Enim,289500,NA,NA,NA,Tinggi,Kabupaten,jamur_merang,NA
Muara Enim,289500,NA,NA,NA,Tinggi,Kabupaten,jamur_lain,NA
Lahat,121000,9485,7.84,NA,Tinggi,Kabupaten,bawang_daun,8748
Lahat,121000,9485,7.84,NA,Tinggi,Kabupaten,bawang_merah,3
Lahat,121000,9485,7.84,NA,Tinggi,Kabupaten,bawang_putih,NA
Lahat,121000,9485,7.84,NA,Tinggi,Kabupaten,bayam,1411
Lahat,121000,9485,7.84,NA,Tinggi,Kabupaten,buncis,7025
Lahat,121000,9485,7.84,NA,Tinggi,Kabupaten,cabai_rawit,2809
Lahat,121000,9485,7.84,NA,Tinggi,Kabupaten,kacang_panjang,6072
Lahat,121000,9485,7.84,NA,Tinggi,Kabupaten,kangkung,3758
Lahat,121000,9485,7.84,NA,Tinggi,Kabupaten,kembang_kol,25
Lahat,121000,9485,7.84,NA,Tinggi,Kabupaten,kentang,8
Lahat,121000,9485,7.84,NA,Tinggi,Kabupaten,ketimun,8514
Lahat,121000,9485,7.84,NA,Tinggi,Kabupaten,kubis,13740
Lahat,121000,9485,7.84,NA,Tinggi,Kabupaten,labu_siam,4446
Lahat,121000,9485,7.84,NA,Tinggi,Kabupaten,paprika,8
Lahat,121000,9485,7.84,NA,Tinggi,Kabupaten,sawi,18253
Lahat,121000,9485,7.84,NA,Tinggi,Kabupaten,terung,13574
Lahat,121000,9485,7.84,NA,Tinggi,Kabupaten,tomat,11075
Lahat,121000,9485,7.84,NA,Tinggi,Kabupaten,wortel,14855
Lahat,121000,9485,7.84,NA,Tinggi,Kabupaten,cabai_besar,4251
Lahat,121000,9485,7.84,NA,Tinggi,Kabupaten,cabai_keriting,2425
Lahat,121000,9485,7.84,NA,Tinggi,Kabupaten,jamur_tiram,NA
Lahat,121000,9485,7.84,NA,Tinggi,Kabupaten,jamur_merang,NA
Lahat,121000,9485,7.84,NA,Tinggi,Kabupaten,jamur_lain,NA
Musi Rawas,86619,29903,34.52,NA,Tinggi,Kabupaten,bawang_daun,32
Musi Rawas,86619,29903,34.52,NA,Tinggi,Kabupaten,bawang_merah,940
Musi Rawas,86619,29903,34.52,NA,Tinggi,Kabupaten,bawang_putih,NA
Musi Rawas,86619,29903,34.52,NA,Tinggi,Kabupaten,bayam,6189
Musi Rawas,86619,29903,34.52,NA,Tinggi,Kabupaten,buncis,NA
Musi Rawas,86619,29903,34.52,NA,Tinggi,Kabupaten,cabai_rawit,7073
Musi Rawas,86619,29903,34.52,NA,Tinggi,Kabupaten,kacang_panjang,14393
Musi Rawas,86619,29903,34.52,NA,Tinggi,Kabupaten,kangkung,9070
Musi Rawas,86619,29903,34.52,NA,Tinggi,Kabupaten,kembang_kol,NA
Musi Rawas,86619,29903,34.52,NA,Tinggi,Kabupaten,kentang,NA
Musi Rawas,86619,29903,34.52,NA,Tinggi,Kabupaten,ketimun,11201
Musi Rawas,86619,29903,34.52,NA,Tinggi,Kabupaten,kubis,NA
Musi Rawas,86619,29903,34.52,NA,Tinggi,Kabupaten,labu_siam,NA
Musi Rawas,86619,29903,34.52,NA,Tinggi,Kabupaten,paprika,NA
Musi Rawas,86619,29903,34.52,NA,Tinggi,Kabupaten,sawi,NA
Musi Rawas,86619,29903,34.52,NA,Tinggi,Kabupaten,terung,12110
Musi Rawas,86619,29903,34.52,NA,Tinggi,Kabupaten,tomat,2781
Musi Rawas,86619,29903,34.52,NA,Tinggi,Kabupaten,wortel,NA
Musi Rawas,86619,29903,34.52,NA,Tinggi,Kabupaten,cabai_besar,8980
Musi Rawas,86619,29903,34.52,NA,Tinggi,Kabupaten,cabai_keriting,13850
Musi Rawas,86619,29903,34.52,NA,Tinggi,Kabupaten,jamur_tiram,NA
Musi Rawas,86619,29903,34.52,NA,Tinggi,Kabupaten,jamur_merang,NA
Musi Rawas,86619,29903,34.52,NA,Tinggi,Kabupaten,jamur_lain,NA
Musi Banyuasin,64456,16458,25.53,NA,Sedang,Kabupaten,bawang_daun,437
Musi Banyuasin,64456,16458,25.53,NA,Sedang,Kabupaten,bawang_merah,280
Musi Banyuasin,64456,16458,25.53,NA,Sedang,Kabupaten,bawang_putih,NA
Musi Banyuasin,64456,16458,25.53,NA,Sedang,Kabupaten,bayam,3539
Musi Banyuasin,64456,16458,25.53,NA,Sedang,Kabupaten,buncis,1238
Musi Banyuasin,64456,16458,25.53,NA,Sedang,Kabupaten,cabai_rawit,5894
Musi Banyuasin,64456,16458,25.53,NA,Sedang,Kabupaten,kacang_panjang,8685
Musi Banyuasin,64456,16458,25.53,NA,Sedang,Kabupaten,kangkung,4453
Musi Banyuasin,64456,16458,25.53,NA,Sedang,Kabupaten,kembang_kol,NA
Musi Banyuasin,64456,16458,25.53,NA,Sedang,Kabupaten,kentang,NA
Musi Banyuasin,64456,16458,25.53,NA,Sedang,Kabupaten,ketimun,4481
Musi Banyuasin,64456,16458,25.53,NA,Sedang,Kabupaten,kubis,NA
Musi Banyuasin,64456,16458,25.53,NA,Sedang,Kabupaten,labu_siam,52
Musi Banyuasin,64456,16458,25.53,NA,Sedang,Kabupaten,paprika,NA
Musi Banyuasin,64456,16458,25.53,NA,Sedang,Kabupaten,sawi,1353
Musi Banyuasin,64456,16458,25.53,NA,Sedang,Kabupaten,terung,8447
Musi Banyuasin,64456,16458,25.53,NA,Sedang,Kabupaten,tomat,3873
Musi Banyuasin,64456,16458,25.53,NA,Sedang,Kabupaten,wortel,NA
Musi Banyuasin,64456,16458,25.53,NA,Sedang,Kabupaten,cabai_besar,3118
Musi Banyuasin,64456,16458,25.53,NA,Sedang,Kabupaten,cabai_keriting,7446
Musi Banyuasin,64456,16458,25.53,NA,Sedang,Kabupaten,jamur_tiram,NA
Musi Banyuasin,64456,16458,25.53,NA,Sedang,Kabupaten,jamur_merang,NA
Musi Banyuasin,64456,16458,25.53,NA,Sedang,Kabupaten,jamur_lain,11160
Banyu Asin,40798,10316,25.29,NA,Sedang,Kabupaten,bawang_daun,56
Banyu Asin,40798,10316,25.29,NA,Sedang,Kabupaten,bawang_merah,44
Banyu Asin,40798,10316,25.29,NA,Sedang,Kabupaten,bawang_putih,NA
Banyu Asin,40798,10316,25.29,NA,Sedang,Kabupaten,bayam,2666
Banyu Asin,40798,10316,25.29,NA,Sedang,Kabupaten,buncis,124
Banyu Asin,40798,10316,25.29,NA,Sedang,Kabupaten,cabai_rawit,3429
Banyu Asin,40798,10316,25.29,NA,Sedang,Kabupaten,kacang_panjang,6429
Banyu Asin,40798,10316,25.29,NA,Sedang,Kabupaten,kangkung,4576
Banyu Asin,40798,10316,25.29,NA,Sedang,Kabupaten,kembang_kol,46
Banyu Asin,40798,10316,25.29,NA,Sedang,Kabupaten,kentang,NA
Banyu Asin,40798,10316,25.29,NA,Sedang,Kabupaten,ketimun,6395
Banyu Asin,40798,10316,25.29,NA,Sedang,Kabupaten,kubis,NA
Banyu Asin,40798,10316,25.29,NA,Sedang,Kabupaten,labu_siam,427
Banyu Asin,40798,10316,25.29,NA,Sedang,Kabupaten,paprika,NA
Banyu Asin,40798,10316,25.29,NA,Sedang,Kabupaten,sawi,292
Banyu Asin,40798,10316,25.29,NA,Sedang,Kabupaten,terung,6317
Banyu Asin,40798,10316,25.29,NA,Sedang,Kabupaten,tomat,2650
Banyu Asin,40798,10316,25.29,NA,Sedang,Kabupaten,wortel,NA
Banyu Asin,40798,10316,25.29,NA,Sedang,Kabupaten,cabai_besar,1516
Banyu Asin,40798,10316,25.29,NA,Sedang,Kabupaten,cabai_keriting,5371
Banyu Asin,40798,10316,25.29,NA,Sedang,Kabupaten,jamur_tiram,459
Banyu Asin,40798,10316,25.29,NA,Sedang,Kabupaten,jamur_merang,NA
Banyu Asin,40798,10316,25.29,NA,Sedang,Kabupaten,jamur_lain,1
Ogan Komering Ulu Selatan,14589,9595,65.77,NA,Sedang,Kabupaten,bawang_daun,620
Ogan Komering Ulu Selatan,14589,9595,65.77,NA,Sedang,Kabupaten,bawang_merah,425
Ogan Komering Ulu Selatan,14589,9595,65.77,NA,Sedang,Kabupaten,bawang_putih,NA
Ogan Komering Ulu Selatan,14589,9595,65.77,NA,Sedang,Kabupaten,bayam,94
Ogan Komering Ulu Selatan,14589,9595,65.77,NA,Sedang,Kabupaten,buncis,268
Ogan Komering Ulu Selatan,14589,9595,65.77,NA,Sedang,Kabupaten,cabai_rawit,3759
Ogan Komering Ulu Selatan,14589,9595,65.77,NA,Sedang,Kabupaten,kacang_panjang,84
Ogan Komering Ulu Selatan,14589,9595,65.77,NA,Sedang,Kabupaten,kangkung,280
Ogan Komering Ulu Selatan,14589,9595,65.77,NA,Sedang,Kabupaten,kembang_kol,NA
Ogan Komering Ulu Selatan,14589,9595,65.77,NA,Sedang,Kabupaten,kentang,NA
Ogan Komering Ulu Selatan,14589,9595,65.77,NA,Sedang,Kabupaten,ketimun,178
Ogan Komering Ulu Selatan,14589,9595,65.77,NA,Sedang,Kabupaten,kubis,NA
Ogan Komering Ulu Selatan,14589,9595,65.77,NA,Sedang,Kabupaten,labu_siam,60
Ogan Komering Ulu Selatan,14589,9595,65.77,NA,Sedang,Kabupaten,paprika,NA
Ogan Komering Ulu Selatan,14589,9595,65.77,NA,Sedang,Kabupaten,sawi,914
Ogan Komering Ulu Selatan,14589,9595,65.77,NA,Sedang,Kabupaten,terung,666
Ogan Komering Ulu Selatan,14589,9595,65.77,NA,Sedang,Kabupaten,tomat,1405
Ogan Komering Ulu Selatan,14589,9595,65.77,NA,Sedang,Kabupaten,wortel,NA
Ogan Komering Ulu Selatan,14589,9595,65.77,NA,Sedang,Kabupaten,cabai_besar,3320
Ogan Komering Ulu Selatan,14589,9595,65.77,NA,Sedang,Kabupaten,cabai_keriting,2516
Ogan Komering Ulu Selatan,14589,9595,65.77,NA,Sedang,Kabupaten,jamur_tiram,NA
Ogan Komering Ulu Selatan,14589,9595,65.77,NA,Sedang,Kabupaten,jamur_merang,NA
Ogan Komering Ulu Selatan,14589,9595,65.77,NA,Sedang,Kabupaten,jamur_lain,NA
Ogan Komering Ulu Timur,45710,13272,29.04,NA,Sedang,Kabupaten,bawang_daun,4322
Ogan Komering Ulu Timur,45710,13272,29.04,NA,Sedang,Kabupaten,bawang_merah,1195
Ogan Komering Ulu Timur,45710,13272,29.04,NA,Sedang,Kabupaten,bawang_putih,NA
Ogan Komering Ulu Timur,45710,13272,29.04,NA,Sedang,Kabupaten,bayam,5739
Ogan Komering Ulu Timur,45710,13272,29.04,NA,Sedang,Kabupaten,buncis,485
Ogan Komering Ulu Timur,45710,13272,29.04,NA,Sedang,Kabupaten,cabai_rawit,1557
Ogan Komering Ulu Timur,45710,13272,29.04,NA,Sedang,Kabupaten,kacang_panjang,3975
Ogan Komering Ulu Timur,45710,13272,29.04,NA,Sedang,Kabupaten,kangkung,5938
Ogan Komering Ulu Timur,45710,13272,29.04,NA,Sedang,Kabupaten,kembang_kol,817
Ogan Komering Ulu Timur,45710,13272,29.04,NA,Sedang,Kabupaten,kentang,NA
Ogan Komering Ulu Timur,45710,13272,29.04,NA,Sedang,Kabupaten,ketimun,2659
Ogan Komering Ulu Timur,45710,13272,29.04,NA,Sedang,Kabupaten,kubis,NA
Ogan Komering Ulu Timur,45710,13272,29.04,NA,Sedang,Kabupaten,labu_siam,70
Ogan Komering Ulu Timur,45710,13272,29.04,NA,Sedang,Kabupaten,paprika,1
Ogan Komering Ulu Timur,45710,13272,29.04,NA,Sedang,Kabupaten,sawi,616
Ogan Komering Ulu Timur,45710,13272,29.04,NA,Sedang,Kabupaten,terung,5019
Ogan Komering Ulu Timur,45710,13272,29.04,NA,Sedang,Kabupaten,tomat,220
Ogan Komering Ulu Timur,45710,13272,29.04,NA,Sedang,Kabupaten,wortel,NA
Ogan Komering Ulu Timur,45710,13272,29.04,NA,Sedang,Kabupaten,cabai_besar,2052
Ogan Komering Ulu Timur,45710,13272,29.04,NA,Sedang,Kabupaten,cabai_keriting,9663
Ogan Komering Ulu Timur,45710,13272,29.04,NA,Sedang,Kabupaten,jamur_tiram,1030
Ogan Komering Ulu Timur,45710,13272,29.04,NA,Sedang,Kabupaten,jamur_merang,NA
Ogan Komering Ulu Timur,45710,13272,29.04,NA,Sedang,Kabupaten,jamur_lain,352
Ogan Ilir,38902,NA,NA,NA,Sedang,Kabupaten,bawang_daun,NA
Ogan Ilir,38902,NA,NA,NA,Sedang,Kabupaten,bawang_merah,43
Ogan Ilir,38902,NA,NA,NA,Sedang,Kabupaten,bawang_putih,NA
Ogan Ilir,38902,NA,NA,NA,Sedang,Kabupaten,bayam,1343
Ogan Ilir,38902,NA,NA,NA,Sedang,Kabupaten,buncis,NA
Ogan Ilir,38902,NA,NA,NA,Sedang,Kabupaten,cabai_rawit,7584
Ogan Ilir,38902,NA,NA,NA,Sedang,Kabupaten,kacang_panjang,5416
Ogan Ilir,38902,NA,NA,NA,Sedang,Kabupaten,kangkung,1184
Ogan Ilir,38902,NA,NA,NA,Sedang,Kabupaten,kembang_kol,NA
Ogan Ilir,38902,NA,NA,NA,Sedang,Kabupaten,kentang,NA
Ogan Ilir,38902,NA,NA,NA,Sedang,Kabupaten,ketimun,4414
Ogan Ilir,38902,NA,NA,NA,Sedang,Kabupaten,kubis,NA
Ogan Ilir,38902,NA,NA,NA,Sedang,Kabupaten,labu_siam,NA
Ogan Ilir,38902,NA,NA,NA,Sedang,Kabupaten,paprika,NA
Ogan Ilir,38902,NA,NA,NA,Sedang,Kabupaten,sawi,NA
Ogan Ilir,38902,NA,NA,NA,Sedang,Kabupaten,terung,5755
Ogan Ilir,38902,NA,NA,NA,Sedang,Kabupaten,tomat,245
Ogan Ilir,38902,NA,NA,NA,Sedang,Kabupaten,wortel,NA
Ogan Ilir,38902,NA,NA,NA,Sedang,Kabupaten,cabai_besar,NA
Ogan Ilir,38902,NA,NA,NA,Sedang,Kabupaten,cabai_keriting,12918
Ogan Ilir,38902,NA,NA,NA,Sedang,Kabupaten,jamur_tiram,NA
Ogan Ilir,38902,NA,NA,NA,Sedang,Kabupaten,jamur_merang,NA
Ogan Ilir,38902,NA,NA,NA,Sedang,Kabupaten,jamur_lain,NA
Empat Lawang,3862,2975,77.03,NA,Rendah,Kabupaten,bawang_daun,2
Empat Lawang,3862,2975,77.03,NA,Rendah,Kabupaten,bawang_merah,NA
Empat Lawang,3862,2975,77.03,NA,Rendah,Kabupaten,bawang_putih,NA
Empat Lawang,3862,2975,77.03,NA,Rendah,Kabupaten,bayam,NA
Empat Lawang,3862,2975,77.03,NA,Rendah,Kabupaten,buncis,19
Empat Lawang,3862,2975,77.03,NA,Rendah,Kabupaten,cabai_rawit,1589
Empat Lawang,3862,2975,77.03,NA,Rendah,Kabupaten,kacang_panjang,105
Empat Lawang,3862,2975,77.03,NA,Rendah,Kabupaten,kangkung,10
Empat Lawang,3862,2975,77.03,NA,Rendah,Kabupaten,kembang_kol,NA
Empat Lawang,3862,2975,77.03,NA,Rendah,Kabupaten,kentang,NA
Empat Lawang,3862,2975,77.03,NA,Rendah,Kabupaten,ketimun,32
Empat Lawang,3862,2975,77.03,NA,Rendah,Kabupaten,kubis,NA
Empat Lawang,3862,2975,77.03,NA,Rendah,Kabupaten,labu_siam,7
Empat Lawang,3862,2975,77.03,NA,Rendah,Kabupaten,paprika,NA
Empat Lawang,3862,2975,77.03,NA,Rendah,Kabupaten,sawi,NA
Empat Lawang,3862,2975,77.03,NA,Rendah,Kabupaten,terung,508
Empat Lawang,3862,2975,77.03,NA,Rendah,Kabupaten,tomat,204
Empat Lawang,3862,2975,77.03,NA,Rendah,Kabupaten,wortel,NA
Empat Lawang,3862,2975,77.03,NA,Rendah,Kabupaten,cabai_besar,104
Empat Lawang,3862,2975,77.03,NA,Rendah,Kabupaten,cabai_keriting,1282
Empat Lawang,3862,2975,77.03,NA,Rendah,Kabupaten,jamur_tiram,NA
Empat Lawang,3862,2975,77.03,NA,Rendah,Kabupaten,jamur_merang,NA
Empat Lawang,3862,2975,77.03,NA,Rendah,Kabupaten,jamur_lain,NA
Penukal Abab Lematang Ilir,4003,973,24.31,NA,Rendah,Kabupaten,bawang_daun,NA
Penukal Abab Lematang Ilir,4003,973,24.31,NA,Rendah,Kabupaten,bawang_merah,NA
Penukal Abab Lematang Ilir,4003,973,24.31,NA,Rendah,Kabupaten,bawang_putih,NA
Penukal Abab Lematang Ilir,4003,973,24.31,NA,Rendah,Kabupaten,bayam,581
Penukal Abab Lematang Ilir,4003,973,24.31,NA,Rendah,Kabupaten,buncis,NA
Penukal Abab Lematang Ilir,4003,973,24.31,NA,Rendah,Kabupaten,cabai_rawit,435
Penukal Abab Lematang Ilir,4003,973,24.31,NA,Rendah,Kabupaten,kacang_panjang,518
Penukal Abab Lematang Ilir,4003,973,24.31,NA,Rendah,Kabupaten,kangkung,699
Penukal Abab Lematang Ilir,4003,973,24.31,NA,Rendah,Kabupaten,kembang_kol,NA
Penukal Abab Lematang Ilir,4003,973,24.31,NA,Rendah,Kabupaten,kentang,NA
Penukal Abab Lematang Ilir,4003,973,24.31,NA,Rendah,Kabupaten,ketimun,578
Penukal Abab Lematang Ilir,4003,973,24.31,NA,Rendah,Kabupaten,kubis,NA
Penukal Abab Lematang Ilir,4003,973,24.31,NA,Rendah,Kabupaten,labu_siam,NA
Penukal Abab Lematang Ilir,4003,973,24.31,NA,Rendah,Kabupaten,paprika,NA
Penukal Abab Lematang Ilir,4003,973,24.31,NA,Rendah,Kabupaten,sawi,NA
Penukal Abab Lematang Ilir,4003,973,24.31,NA,Rendah,Kabupaten,terung,501
Penukal Abab Lematang Ilir,4003,973,24.31,NA,Rendah,Kabupaten,tomat,149
Penukal Abab Lematang Ilir,4003,973,24.31,NA,Rendah,Kabupaten,wortel,NA
Penukal Abab Lematang Ilir,4003,973,24.31,NA,Rendah,Kabupaten,cabai_besar,354
Penukal Abab Lematang Ilir,4003,973,24.31,NA,Rendah,Kabupaten,cabai_keriting,184
Penukal Abab Lematang Ilir,4003,973,24.31,NA,Rendah,Kabupaten,jamur_tiram,4
Penukal Abab Lematang Ilir,4003,973,24.31,NA,Rendah,Kabupaten,jamur_merang,NA
Penukal Abab Lematang Ilir,4003,973,24.31,NA,Rendah,Kabupaten,jamur_lain,NA
Musi Rawas Utara,3535,2304,65.18,NA,Rendah,Kabupaten,bawang_daun,NA
Musi Rawas Utara,3535,2304,65.18,NA,Rendah,Kabupaten,bawang_merah,393
Musi Rawas Utara,3535,2304,65.18,NA,Rendah,Kabupaten,bawang_putih,NA
Musi Rawas Utara,3535,2304,65.18,NA,Rendah,Kabupaten,bayam,189
Musi Rawas Utara,3535,2304,65.18,NA,Rendah,Kabupaten,buncis,NA
Musi Rawas Utara,3535,2304,65.18,NA,Rendah,Kabupaten,cabai_rawit,811
Musi Rawas Utara,3535,2304,65.18,NA,Rendah,Kabupaten,kacang_panjang,172
Musi Rawas Utara,3535,2304,65.18,NA,Rendah,Kabupaten,kangkung,148
Musi Rawas Utara,3535,2304,65.18,NA,Rendah,Kabupaten,kembang_kol,NA
Musi Rawas Utara,3535,2304,65.18,NA,Rendah,Kabupaten,kentang,NA
Musi Rawas Utara,3535,2304,65.18,NA,Rendah,Kabupaten,ketimun,68
Musi Rawas Utara,3535,2304,65.18,NA,Rendah,Kabupaten,kubis,NA
Musi Rawas Utara,3535,2304,65.18,NA,Rendah,Kabupaten,labu_siam,NA
Musi Rawas Utara,3535,2304,65.18,NA,Rendah,Kabupaten,paprika,NA
Musi Rawas Utara,3535,2304,65.18,NA,Rendah,Kabupaten,sawi,NA
Musi Rawas Utara,3535,2304,65.18,NA,Rendah,Kabupaten,terung,224
Musi Rawas Utara,3535,2304,65.18,NA,Rendah,Kabupaten,tomat,37
Musi Rawas Utara,3535,2304,65.18,NA,Rendah,Kabupaten,wortel,NA
Musi Rawas Utara,3535,2304,65.18,NA,Rendah,Kabupaten,cabai_besar,25
Musi Rawas Utara,3535,2304,65.18,NA,Rendah,Kabupaten,cabai_keriting,1468
Musi Rawas Utara,3535,2304,65.18,NA,Rendah,Kabupaten,jamur_tiram,NA
Musi Rawas Utara,3535,2304,65.18,NA,Rendah,Kabupaten,jamur_merang,NA
Musi Rawas Utara,3535,2304,65.18,NA,Rendah,Kabupaten,jamur_lain,NA
Kota Palembang,4467,171,3.83,NA,Rendah,Kota,bawang_daun,NA
Kota Palembang,4467,171,3.83,NA,Rendah,Kota,bawang_merah,NA
Kota Palembang,4467,171,3.83,NA,Rendah,Kota,bawang_putih,NA
Kota Palembang,4467,171,3.83,NA,Rendah,Kota,bayam,644
Kota Palembang,4467,171,3.83,NA,Rendah,Kota,buncis,163
Kota Palembang,4467,171,3.83,NA,Rendah,Kota,cabai_rawit,71
Kota Palembang,4467,171,3.83,NA,Rendah,Kota,kacang_panjang,126
Kota Palembang,4467,171,3.83,NA,Rendah,Kota,kangkung,1181
Kota Palembang,4467,171,3.83,NA,Rendah,Kota,kembang_kol,NA
Kota Palembang,4467,171,3.83,NA,Rendah,Kota,kentang,NA
Kota Palembang,4467,171,3.83,NA,Rendah,Kota,ketimun,278
Kota Palembang,4467,171,3.83,NA,Rendah,Kota,kubis,NA
Kota Palembang,4467,171,3.83,NA,Rendah,Kota,labu_siam,NA
Kota Palembang,4467,171,3.83,NA,Rendah,Kota,paprika,NA
Kota Palembang,4467,171,3.83,NA,Rendah,Kota,sawi,1797
Kota Palembang,4467,171,3.83,NA,Rendah,Kota,terung,89
Kota Palembang,4467,171,3.83,NA,Rendah,Kota,tomat,12
Kota Palembang,4467,171,3.83,NA,Rendah,Kota,wortel,NA
Kota Palembang,4467,171,3.83,NA,Rendah,Kota,cabai_besar,15
Kota Palembang,4467,171,3.83,NA,Rendah,Kota,cabai_keriting,85
Kota Palembang,4467,171,3.83,NA,Rendah,Kota,jamur_tiram,6
Kota Palembang,4467,171,3.83,NA,Rendah,Kota,jamur_merang,NA
Kota Palembang,4467,171,3.83,NA,Rendah,Kota,jamur_lain,NA
Kota Prabumulih,12977,1848,14.24,NA,Sedang,Kota,bawang_daun,0
Kota Prabumulih,12977,1848,14.24,NA,Sedang,Kota,bawang_merah,NA
Kota Prabumulih,12977,1848,14.24,NA,Sedang,Kota,bawang_putih,NA
Kota Prabumulih,12977,1848,14.24,NA,Sedang,Kota,bayam,2606
Kota Prabumulih,12977,1848,14.24,NA,Sedang,Kota,buncis,430
Kota Prabumulih,12977,1848,14.24,NA,Sedang,Kota,cabai_rawit,758
Kota Prabumulih,12977,1848,14.24,NA,Sedang,Kota,kacang_panjang,1442
Kota Prabumulih,12977,1848,14.24,NA,Sedang,Kota,kangkung,2179
Kota Prabumulih,12977,1848,14.24,NA,Sedang,Kota,kembang_kol,NA
Kota Prabumulih,12977,1848,14.24,NA,Sedang,Kota,kentang,NA
Kota Prabumulih,12977,1848,14.24,NA,Sedang,Kota,ketimun,1196
Kota Prabumulih,12977,1848,14.24,NA,Sedang,Kota,kubis,NA
Kota Prabumulih,12977,1848,14.24,NA,Sedang,Kota,labu_siam,NA
Kota Prabumulih,12977,1848,14.24,NA,Sedang,Kota,paprika,NA
Kota Prabumulih,12977,1848,14.24,NA,Sedang,Kota,sawi,1417
Kota Prabumulih,12977,1848,14.24,NA,Sedang,Kota,terung,1494
Kota Prabumulih,12977,1848,14.24,NA,Sedang,Kota,tomat,365
Kota Prabumulih,12977,1848,14.24,NA,Sedang,Kota,wortel,NA
Kota Prabumulih,12977,1848,14.24,NA,Sedang,Kota,cabai_besar,374
Kota Prabumulih,12977,1848,14.24,NA,Sedang,Kota,cabai_keriting,716
Kota Prabumulih,12977,1848,14.24,NA,Sedang,Kota,jamur_tiram,0
Kota Prabumulih,12977,1848,14.24,NA,Sedang,Kota,jamur_merang,NA
Kota Prabumulih,12977,1848,14.24,NA,Sedang,Kota,jamur_lain,NA
Kota Pagar Alam,111987,NA,NA,NA,Tinggi,Kota,bawang_daun,7192
Kota Pagar Alam,111987,NA,NA,NA,Tinggi,Kota,bawang_merah,5240
Kota Pagar Alam,111987,NA,NA,NA,Tinggi,Kota,bawang_putih,400
Kota Pagar Alam,111987,NA,NA,NA,Tinggi,Kota,bayam,NA
Kota Pagar Alam,111987,NA,NA,NA,Tinggi,Kota,buncis,7850
Kota Pagar Alam,111987,NA,NA,NA,Tinggi,Kota,cabai_rawit,10815
Kota Pagar Alam,111987,NA,NA,NA,Tinggi,Kota,kacang_panjang,3425
Kota Pagar Alam,111987,NA,NA,NA,Tinggi,Kota,kangkung,800
Kota Pagar Alam,111987,NA,NA,NA,Tinggi,Kota,kembang_kol,305
Kota Pagar Alam,111987,NA,NA,NA,Tinggi,Kota,kentang,2668
Kota Pagar Alam,111987,NA,NA,NA,Tinggi,Kota,ketimun,4930
Kota Pagar Alam,111987,NA,NA,NA,Tinggi,Kota,kubis,13305
Kota Pagar Alam,111987,NA,NA,NA,Tinggi,Kota,labu_siam,6310
Kota Pagar Alam,111987,NA,NA,NA,Tinggi,Kota,paprika,NA
Kota Pagar Alam,111987,NA,NA,NA,Tinggi,Kota,sawi,7375
Kota Pagar Alam,111987,NA,NA,NA,Tinggi,Kota,terung,13051
Kota Pagar Alam,111987,NA,NA,NA,Tinggi,Kota,tomat,14100
Kota Pagar Alam,111987,NA,NA,NA,Tinggi,Kota,wortel,4570
Kota Pagar Alam,111987,NA,NA,NA,Tinggi,Kota,cabai_besar,NA
Kota Pagar Alam,111987,NA,NA,NA,Tinggi,Kota,cabai_keriting,9650
Kota Pagar Alam,111987,NA,NA,NA,Tinggi,Kota,jamur_tiram,1
Kota Pagar Alam,111987,NA,NA,NA,Tinggi,Kota,jamur_merang,NA
Kota Pagar Alam,111987,NA,NA,NA,Tinggi,Kota,jamur_lain,NA
Kota Lubuklinggau,1691,328,19.4,NA,Rendah,Kota,bawang_daun,NA
Kota Lubuklinggau,1691,328,19.4,NA,Rendah,Kota,bawang_merah,66
Kota Lubuklinggau,1691,328,19.4,NA,Rendah,Kota,bawang_putih,NA
Kota Lubuklinggau,1691,328,19.4,NA,Rendah,Kota,bayam,177
Kota Lubuklinggau,1691,328,19.4,NA,Rendah,Kota,buncis,24
Kota Lubuklinggau,1691,328,19.4,NA,Rendah,Kota,cabai_rawit,75
Kota Lubuklinggau,1691,328,19.4,NA,Rendah,Kota,kacang_panjang,203
Kota Lubuklinggau,1691,328,19.4,NA,Rendah,Kota,kangkung,217
Kota Lubuklinggau,1691,328,19.4,NA,Rendah,Kota,kembang_kol,NA
Kota Lubuklinggau,1691,328,19.4,NA,Rendah,Kota,kentang,NA
Kota Lubuklinggau,1691,328,19.4,NA,Rendah,Kota,ketimun,64
Kota Lubuklinggau,1691,328,19.4,NA,Rendah,Kota,kubis,NA
Kota Lubuklinggau,1691,328,19.4,NA,Rendah,Kota,labu_siam,NA
Kota Lubuklinggau,1691,328,19.4,NA,Rendah,Kota,paprika,NA
Kota Lubuklinggau,1691,328,19.4,NA,Rendah,Kota,sawi,1
Kota Lubuklinggau,1691,328,19.4,NA,Rendah,Kota,terung,402
Kota Lubuklinggau,1691,328,19.4,NA,Rendah,Kota,tomat,96
Kota Lubuklinggau,1691,328,19.4,NA,Rendah,Kota,wortel,NA
Kota Lubuklinggau,1691,328,19.4,NA,Rendah,Kota,cabai_besar,146
Kota Lubuklinggau,1691,328,19.4,NA,Rendah,Kota,cabai_keriting,107
Kota Lubuklinggau,1691,328,19.4,NA,Rendah,Kota,jamur_tiram,113
Kota Lubuklinggau,1691,328,19.4,NA,Rendah,Kota,jamur_merang,NA
Kota Lubuklinggau,1691,328,19.4,NA,Rendah,Kota,jamur_lain,NA
